{
  "project_info": {
    "project_number": "68988283900",
    "project_id": "parcial2-2ff3d",
    "storage_bucket": "parcial2-2ff3d.appspot.com"
  },
  "client": [
    {
      "client_info": {
        "mobilesdk_app_id": "1:68988283900:android:9d2a45fa132e3643fde079",
        "android_client_info": {
          "package_name": "com.example.parcial2"
        }
      },
      "oauth_client": [
        {
          "client_id": "68988283900-9bnds8mueg1rfp2gl95tdbvvq4fb0rjj.apps.googleusercontent.com",
          "client_type": 3
        }
      ],
      "api_key": [
        {
          "current_key": "AIzaSyDDnWSfP3ARay_cg5lFHk6ojDFfIVjP9II"
        }
      ],
      "services": {
        "appinvite_service": {
          "other_platform_oauth_client": [
            {
              "client_id": "68988283900-9bnds8mueg1rfp2gl95tdbvvq4fb0rjj.apps.googleusercontent.com",
              "client_type": 3
            }
          ]
        }
      }
    }
  ],
  "configuration_version": "1"
}